,City,Cloudiness,Country,Date,Humidity,Lat,Lng,Max Temp,Wind Speed
0,Nanortalik,80,GL,1558159512,92,60.14,-45.24,35.19,4.23
1,Inirida,90,CO,1558159513,98,3.87,-67.92,72.63,1.3
2,Diamantino,0,BR,1558159514,85,-14.4,-56.44,66.33,2.21
3,Saint George,20,GR,1558159516,72,39.45,22.34,69.8,1.68
4,Nadvoitsy,42,RU,1558159517,56,63.89,34.27,53.55,10.78
5,Launceston,0,AU,1558159518,58,-41.43,147.14,62.01,5.82
6,Dunedin,88,NZ,1558159382,79,-45.87,170.5,53.01,14.0
7,Walvis Bay,0,NA,1558159521,93,-22.95,14.51,54.0,5.82
8,Sorland,90,NO,1558159522,100,67.67,12.69,41.0,16.11
9,Luganville,90,VU,1558159523,94,-15.51,167.18,75.2,1.12
10,Nikolskoye,0,RU,1558159525,55,59.7,30.79,64.0,6.71
11,Manono,89,CD,1558159526,67,-7.3,27.4,76.95,1.79
12,Thompson,75,CA,1558159501,74,55.74,-97.86,33.8,4.09
13,Upernavik,96,GL,1558159529,86,72.79,-56.15,26.19,5.88
14,Victoria,75,BN,1558159396,70,5.28,115.24,91.4,3.36
15,Atuona,40,PF,1558159329,77,-9.8,-139.03,82.35,14.41
16,Tanout,24,NE,1558159532,37,14.97,8.88,84.69,8.34
17,Kaitangata,98,NZ,1558159533,65,-46.28,169.85,53.01,21.0
18,Severo-Kurilsk,6,RU,1558159535,85,50.68,156.12,41.85,4.83
19,Albany,75,US,1558159307,66,42.65,-73.75,54.0,11.41
20,Kalabo,72,ZM,1558159537,38,-15.0,22.67,62.19,4.34
21,Kavieng,84,PG,1558159538,70,-2.57,150.8,84.87,4.0
22,Egvekinot,0,RU,1558159523,86,66.32,-179.17,24.39,7.38
23,Padang,40,ID,1558159541,74,-0.92,100.36,87.8,4.7
24,Shimanovsk,40,RU,1558159542,51,52.0,127.67,54.99,10.2
25,Te Anau,93,NZ,1558159543,87,-45.41,167.72,42.39,5.82
26,Goderich,46,CA,1558159545,89,43.74,-81.71,44.01,9.86
27,Ponta do Sol,98,BR,1558159546,98,-20.63,-46.0,60.39,5.41
28,Ambilobe,0,MG,1558159547,58,-13.19,49.05,79.83,8.72
29,Puerto Baquerizo Moreno,98,EC,1558159549,85,-0.9,-89.6,78.21,12.12
30,Cherskiy,100,RU,1558159550,88,68.75,161.3,19.89,11.36
31,Kodiak,1,US,1558159551,30,39.95,-94.76,75.2,11.41
32,Port Alfred,7,ZA,1558159552,93,-33.59,26.89,60.01,4.0
33,Souillac,100,FR,1558159554,100,45.6,-0.6,53.01,1.12
34,Paranhos,2,PY,1558159385,85,-23.89,-55.43,67.05,7.65
35,Okhotsk,100,RU,1558159556,80,59.36,143.24,40.05,26.78
36,Jadu,0,LY,1558159557,11,31.95,12.03,82.89,23.38
37,Bumiayu,30,ID,1558159558,47,-8.01,112.64,83.07,3.8
38,Rikitea,0,PF,1558159560,71,-23.12,-134.97,75.33,5.14
39,Ushuaia,20,AR,1558159561,80,-54.81,-68.31,39.2,6.93
40,New Norfolk,40,AU,1558159562,67,-42.78,147.06,62.01,10.29
41,Saskylakh,20,RU,1558159563,88,71.97,114.09,13.59,3.31
42,Necochea,100,AR,1558159565,92,-38.55,-58.74,62.01,12.84
43,Hofn,7,IS,1558159566,89,64.25,-15.21,36.45,2.01
44,Mar del Plata,0,AR,1558159567,48,-46.43,-67.52,45.99,27.29
45,Wainwright,100,CA,1558159534,54,52.84,-110.86,48.33,11.95
46,Srednekolymsk,73,RU,1558159569,66,67.46,153.71,24.39,9.06
47,Namtsy,0,RU,1558159571,32,62.72,129.66,66.2,6.71
48,Araouane,0,ML,1558159572,9,18.9,-3.53,82.35,1.81
49,Punta Arenas,40,CL,1558159574,86,-53.16,-70.91,37.4,19.46
50,Praia da Vitoria,40,PT,1558159433,82,38.73,-27.07,57.99,10.4
51,Puerto Ayora,61,EC,1558159576,86,-0.74,-90.35,77.13,7.2
52,Mahebourg,40,MU,1558159577,74,-20.41,57.7,80.01,12.75
53,Ghotki,40,PK,1558159578,49,28.01,69.32,89.6,6.93
54,Butaritari,95,KI,1558159580,75,3.07,172.79,84.33,8.52
55,Dingle,80,PH,1558159581,46,11.0,122.67,94.23,9.1
56,Namatanai,97,PG,1558159582,86,-3.66,152.44,80.55,5.44
57,Ginir,26,ET,1558159584,72,7.14,40.71,66.87,4.43
58,Tuktoyaktuk,20,CA,1558159585,90,69.44,-133.03,32.0,17.22
59,Mitzic,94,GA,1558159586,97,0.78,11.55,70.47,0.98
60,Bredasdorp,68,ZA,1558159588,87,-34.53,20.04,50.0,6.93
61,Emba,40,CY,1558159589,73,34.81,32.42,69.8,3.36
62,Bathsheba,40,BB,1558159590,74,13.22,-59.52,80.6,18.34
63,Hermanus,16,ZA,1558159591,71,-34.42,19.24,61.0,5.01
64,Dzaoudzi,90,YT,1558159483,79,-12.79,45.27,84.2,11.41
65,Coahuayana,65,MX,1558159594,42,18.62,-100.35,84.33,2.8
66,Amlame,100,TG,1558159595,90,7.47,0.9,74.61,2.93
67,Pevek,82,RU,1558159596,81,69.7,170.27,29.61,10.74
68,Ribeira Grande,54,PT,1558159597,93,38.52,-28.7,61.83,6.76
69,Vanimo,71,PG,1558159599,69,-2.67,141.3,83.61,5.68
70,Samarai,99,PG,1558159600,78,-10.62,150.67,79.29,7.05
71,Majene,99,ID,1558159601,70,-3.54,118.97,84.15,11.41
72,Talnakh,0,RU,1558159603,64,69.49,88.39,35.6,4.47
73,Guarapari,100,BR,1558159604,96,-20.67,-40.5,69.75,3.49
74,Qaanaaq,99,GL,1558159605,83,77.48,-69.36,15.93,5.03
75,Yellowknife,75,CA,1558159606,43,62.45,-114.38,50.0,13.87
76,Aden,89,YE,1558159391,56,12.79,45.03,89.91,10.45
77,Bluff,0,AU,1558159609,33,-23.58,149.07,79.65,15.93
78,Medveda,0,RU,1558159610,34,56.51,92.41,50.0,6.71
79,High Level,1,CA,1558159611,25,58.52,-117.13,60.8,13.87
80,Barrow,100,AR,1558159613,96,-38.31,-60.23,60.75,5.84
81,Kieta,34,PG,1558159614,71,-6.22,155.63,84.87,5.37
82,Fare,2,PF,1558159615,72,-16.7,-151.02,83.25,8.93
83,Palauig,97,PH,1558159617,65,15.44,119.9,87.93,6.13
84,Mataura,100,NZ,1558159618,82,-46.19,168.86,51.01,11.99
85,Buzmeyin,20,TM,1558159619,44,38.05,58.21,77.0,9.17
86,Busselton,23,AU,1558159620,42,-33.64,115.35,62.01,1.99
87,Codrington,40,AU,1558159622,60,-28.95,153.24,73.4,10.29
88,Alugan,89,PH,1558159623,79,12.22,125.48,86.49,3.33
89,Mutum,100,BR,1558159625,97,-19.82,-41.44,62.19,4.45
90,Hamilton,20,BM,1558159626,72,32.3,-64.78,68.0,3.36
91,Luderitz,0,NA,1558159627,87,-26.65,15.16,51.8,3.36
92,Katsuura,75,JP,1558159629,77,33.93,134.5,73.99,21.92
93,Izumo,90,JP,1558159630,47,35.37,132.75,75.2,4.7
94,Aksarka,100,RU,1558159631,95,66.56,67.8,33.93,23.2
95,Kapaa,75,US,1558159421,74,22.08,-159.32,80.6,11.41
96,Salym,82,RU,1558159633,52,60.06,71.48,47.79,9.57
97,Vaini,0,IN,1558159635,26,15.34,74.49,95.0,9.17
98,Kirakira,99,SB,1558159636,75,-10.46,161.92,82.35,6.29
99,Constitucion,0,MX,1558159638,50,23.99,-104.67,45.99,8.68
100,Shimoda,75,JP,1558159639,64,34.7,138.93,73.4,9.17
101,Coolum Beach,55,AU,1558159640,69,-26.53,153.09,69.01,1.99
102,Hovd,0,NO,1558159641,54,63.83,10.7,62.01,8.05
103,Port Lincoln,100,AU,1558159643,62,-34.72,135.86,70.11,13.09
104,Townsville,82,AU,1558159644,54,-19.26,146.82,80.6,17.22
105,Georgetown,20,GY,1558159645,94,6.8,-58.16,75.2,4.7
106,Quelimane,75,MZ,1558159647,100,-17.88,36.89,68.0,4.7
107,Inhambane,20,MZ,1558159648,93,-23.87,35.38,60.8,0.87
108,Boca do Acre,36,BR,1558159649,85,-8.76,-67.39,67.23,0.36
109,Road Town,1,VG,1558159650,74,18.42,-64.62,80.6,10.29
110,Aksarayskiy,0,RU,1558159652,32,46.79,48.01,68.0,17.9
111,Mnogovershinnyy,87,RU,1558159653,84,53.94,139.92,46.89,3.24
112,Bethel,75,US,1558159389,70,60.79,-161.76,48.2,14.99
113,Tsumeb,0,NA,1558159656,37,-19.25,17.72,53.6,4.7
114,San Cristobal,75,EC,1558159657,93,-0.39,-78.55,55.4,3.36
115,Smiltene,68,LV,1558159659,47,57.42,25.9,66.0,5.01
116,San Policarpo,77,PH,1558159660,69,12.18,125.51,88.29,10.29
117,Bundaberg,8,AU,1558159661,44,-24.87,152.35,77.0,20.8
118,Coquimbo,0,CL,1558159662,81,-29.95,-71.34,50.0,6.93
119,Tasiilaq,90,GL,1558159663,93,65.61,-37.64,35.6,4.7
120,Hobart,40,AU,1558159523,67,-42.88,147.33,62.01,10.29
121,Arraial do Cabo,81,BR,1558159666,82,-22.97,-42.02,73.89,20.94
122,Hithadhoo,98,MV,1558159667,68,-0.6,73.08,85.05,7.45
123,Hilo,75,US,1558159668,61,19.71,-155.08,80.6,4.7
124,Catia La Mar,69,VE,1558159670,76,10.6,-67.03,71.01,1.01
125,Provideniya,97,RU,1558159671,65,64.42,-173.23,38.97,7.9
126,Orchard Homes,90,US,1558159672,87,46.86,-114.05,46.99,5.82
127,Quartucciu,40,IT,1558159674,72,39.25,9.18,63.0,12.75
128,Victoria,75,BN,1558159609,70,5.28,115.24,91.4,3.36
129,San Quintin,100,PH,1558159676,54,17.54,120.52,92.97,11.14
130,Richards Bay,0,ZA,1558159677,81,-28.77,32.06,70.65,12.82
131,Carire,96,BR,1558159679,96,-3.95,-40.47,71.37,1.66
132,Guozhen,29,CN,1558159680,54,29.3,113.14,88.29,4.52
133,Moose Jaw,75,CA,1558159681,34,50.4,-105.54,50.0,14.99
134,Ossora,8,RU,1558159683,40,59.24,163.07,52.83,3.4
135,Bosaso,20,SO,1558159684,59,11.28,49.18,91.4,16.11
136,Ruteng,12,ID,1558159685,52,-8.61,120.46,89.73,1.66
137,Dutlwe,0,BW,1558159686,31,-23.98,23.93,60.75,7.96
138,Illapel,1,CL,1558159688,91,-31.63,-71.17,55.35,6.17
139,Tommot,76,RU,1558159689,37,58.97,126.27,59.85,4.12
140,Avera,1,US,1558159690,88,33.19,-82.53,73.99,3.36
141,Cape Town,75,ZA,1558159506,67,-33.93,18.42,62.01,13.87
142,Westport,75,IE,1558159693,93,53.8,-9.52,51.01,11.41
143,Ayagoz,0,KZ,1558159694,23,47.96,80.43,60.93,10.36
144,Chokurdakh,86,RU,1558159695,86,70.62,147.9,17.91,6.51
145,Carnarvon,0,ZA,1558159696,37,-30.97,22.13,57.69,4.7
146,Stephenville,90,US,1558159445,78,32.22,-98.2,77.0,16.11
147,San Andres,68,PH,1558159699,58,13.32,122.68,91.53,7.52
148,Kenai,40,US,1558159630,75,60.55,-151.26,48.99,5.82
149,Lososina,100,RU,1558159702,49,49.0,140.31,74.25,9.55
150,Beringovskiy,28,RU,1558159703,81,63.05,179.32,34.65,3.98
151,Vardo,1,US,1558159704,88,39.62,-77.74,66.99,4.7
152,Paamiut,1,GL,1558159706,93,61.99,-49.67,35.01,3.24
153,Saint-Georges,94,CA,1558159707,96,46.12,-70.67,46.99,4.0
154,Iqaluit,90,CA,1558159708,88,63.75,-68.52,32.0,4.7
155,Guerrero Negro,0,MX,1558159709,75,27.97,-114.04,61.47,24.23
156,Avarua,100,CK,1558159711,73,-21.21,-159.78,75.2,5.82
157,Megion,90,RU,1558159712,93,61.04,76.11,44.6,15.66
158,Yarada,1,IN,1558159713,56,17.65,83.27,96.8,9.17
159,Outlook,100,CA,1558159714,43,51.48,-107.04,50.85,13.04
160,Mareeba,75,AU,1558159715,83,-16.99,145.42,75.99,20.8
161,Adet,14,ET,1558159717,34,11.26,37.49,76.23,6.4
162,Saint-Philippe,90,CA,1558159718,71,45.36,-73.48,51.01,8.05
163,Arman,11,RU,1558159719,30,59.7,150.17,48.87,8.19
164,Kifri,62,IQ,1558159721,9,34.69,44.96,98.01,11.95
165,Henties Bay,0,NA,1558159722,97,-22.12,14.28,54.0,5.01
166,ChengDe,100,CN,1558159723,72,40.97,117.93,67.23,7.99
167,Mananjary,0,MG,1558159725,72,-19.16,46.8,68.13,4.56
168,Bonthe,100,SL,1558159726,82,7.53,-12.5,80.19,4.99
169,Haines Junction,33,CA,1558159727,58,60.75,-137.51,44.19,6.78
170,Pacifica,1,US,1558159456,87,37.61,-122.49,55.4,4.88
171,Lasa,40,CY,1558159729,73,34.92,32.53,69.8,3.36
172,Junin,0,PE,1558159731,25,-16.45,-71.58,51.8,9.17
173,Zharkent,14,KZ,1558159732,23,44.17,80.0,54.27,5.57
174,Okuchi,75,JP,1558159733,93,32.07,130.62,66.2,12.75
175,Hasaki,75,JP,1558159734,60,35.73,140.83,77.0,13.87
176,Chuy,38,UY,1558159735,81,-33.69,-53.46,67.05,16.71
177,Lavrentiya,97,RU,1558159737,91,65.58,-170.99,28.71,9.6
178,Vila Velha,75,BR,1558159738,88,-3.71,-38.6,78.8,2.24
179,Dikson,79,RU,1558159739,77,73.51,80.55,26.73,10.4
180,Valle de Guadalupe,0,MX,1558159740,35,21.01,-102.61,68.49,6.11
181,Clyde River,90,CA,1558159742,100,70.47,-68.59,24.8,5.82
182,Ampanihy,30,MG,1558159743,56,-24.69,44.75,79.11,6.31
183,Mount Isa,0,AU,1558159744,31,-20.73,139.49,87.8,10.29
184,Touros,40,BR,1558159746,94,-5.2,-35.46,75.2,4.7
185,Iralaya,84,HN,1558159747,87,15.0,-83.23,78.39,3.74
186,Tzaneen,0,ZA,1558159606,41,-23.83,30.16,57.2,4.7
187,Castro,75,CL,1558159750,100,-42.48,-73.76,42.8,5.82
188,Port Hardy,75,CA,1558159495,66,50.7,-127.42,53.6,4.7
189,Liseleje,90,DK,1558159752,100,56.01,11.96,53.01,6.93
190,Shelburne,20,CA,1558159523,76,44.08,-80.2,48.2,9.17
191,Farah,71,AF,1558159755,13,32.37,62.11,87.57,2.48
192,Zhigansk,44,RU,1558159756,73,66.77,123.37,28.89,25.46
193,Yar-Sale,100,RU,1558159757,82,66.83,70.83,35.37,24.27
194,Vao,39,EE,1558159758,51,59.1,26.19,59.67,4.81
195,Binzhou,91,CN,1558159760,28,37.38,117.96,87.03,9.01
196,Mayor Pablo Lagerenza,0,PY,1558159761,71,-19.93,-60.77,61.83,5.06
197,Montebello,1,US,1558159595,63,34.02,-118.11,62.01,2.04
198,Kholmogory,40,RU,1558159763,65,64.23,41.65,41.0,8.95
199,Terebovlya,98,UA,1558159765,82,49.3,25.71,65.79,1.43
200,Vostok,83,RU,1558159766,40,46.45,135.83,79.11,14.09
201,Cabo San Lucas,5,MX,1558159508,64,22.89,-109.91,72.0,3.36
202,Port Shepstone,81,ZA,1558159768,57,-30.74,30.45,64.35,4.74
203,Port-Gentil,20,GA,1558159770,100,-0.72,8.78,75.2,3.36
204,Mogadishu,75,SO,1558159771,70,2.04,45.34,86.0,9.17
205,Omboue,87,GA,1558159772,81,-1.57,9.26,79.11,4.85
206,Umm Lajj,0,SA,1558159773,67,25.02,37.27,82.89,5.21
207,Faanui,0,PF,1558159775,71,-16.48,-151.75,83.43,9.71
208,Aykhal,0,RU,1558159776,46,65.95,111.51,30.2,11.18
209,East London,0,ZA,1558159777,87,-33.02,27.91,59.0,5.82
210,Longyearbyen,90,NO,1558159778,74,78.22,15.63,33.8,3.36
211,Sarrebourg,20,FR,1558159780,87,48.73,7.05,57.0,4.7
212,Mao,75,DO,1558159716,100,19.55,-71.08,79.0,1.68
213,Diffa,92,NE,1558159782,33,13.32,12.61,87.57,6.89
214,Viedma,99,AR,1558159784,45,-40.81,-62.99,59.85,15.77
215,Portland,90,US,1558159785,71,45.52,-122.67,55.4,5.82
216,Eureka,90,US,1558159643,87,40.8,-124.16,55.99,3.36
217,Grand Gaube,40,MU,1558159788,74,-20.01,57.66,80.01,12.75
218,Kavaratti,40,IN,1558159789,70,10.57,72.64,87.8,9.17
219,Buraydah,40,SA,1558159790,54,26.33,43.97,80.6,6.93
220,Bonavista,23,CA,1558159791,86,48.65,-53.11,39.0,5.01
221,Antofagasta,75,CL,1558159519,87,-23.65,-70.4,55.4,6.93
222,Roros,73,NO,1558159794,70,62.57,11.38,48.2,5.82
223,Narsaq,11,GL,1558159795,86,60.91,-46.05,39.2,2.24
224,Santa Maria,0,BR,1558159797,88,-29.69,-53.81,60.03,7.56
225,Khatanga,0,RU,1558159799,87,71.98,102.47,27.27,8.93
226,Tiksi,64,RU,1558159688,78,71.64,128.87,20.43,9.22
227,Dubbo,0,AU,1558159801,33,-32.25,148.6,73.4,6.93
228,Utiel,20,ES,1558159803,58,39.57,-1.21,59.0,3.36
229,Airai,10,TL,1558159804,52,-8.93,125.41,88.65,4.34
230,Takoradi,100,GH,1558159805,94,4.89,-1.75,76.23,2.37
231,Xichang,16,CN,1558159807,31,27.88,102.25,78.93,6.67
232,Faya,0,SA,1558159808,77,18.39,42.45,62.6,3.36
233,Itarema,100,BR,1558159809,95,-2.92,-39.92,74.79,4.16
234,Sechura,12,PE,1558159810,88,-5.56,-80.82,67.95,10.58
235,Borovoy,100,RU,1558159812,64,63.23,52.89,39.33,9.89
236,Mehamn,85,NO,1558159813,84,71.03,27.85,35.91,5.21
237,Russell,40,AR,1558159814,63,-33.01,-68.8,60.8,11.41
238,Coracao de Jesus,17,BR,1558159815,89,-16.69,-44.37,65.25,7.74
239,Port Said,0,EG,1558159817,13,25.34,30.55,84.87,12.73
240,Sao Filipe,41,CV,1558159818,80,14.9,-24.5,72.45,13.2
241,Norman Wells,20,CA,1558159819,36,65.28,-126.83,60.8,8.05
242,Fairbanks,1,US,1558159619,48,64.84,-147.72,60.8,8.05
243,Rincon,1,US,1558159822,83,32.3,-81.24,75.99,5.82
244,La Rioja,87,AR,1558159823,94,-29.41,-66.86,53.19,6.58
245,Lebu,20,ET,1558159825,87,8.96,38.73,60.8,2.24
246,Saldanha,48,PT,1558159826,86,41.42,-6.55,41.49,7.4
247,Kindu,100,CD,1558159827,96,-2.95,25.92,71.55,2.89
248,Harer,90,US,1558159828,93,42.19,-111.17,41.0,3.36
249,Muros,40,ES,1558159829,100,42.77,-9.06,54.0,2.24
250,Komsomolskiy,100,RU,1558159831,86,67.55,63.78,34.47,19.93
251,Cukai,75,MY,1558159832,70,4.25,103.42,91.4,5.82
252,Aswan,0,EG,1558159589,18,24.09,32.9,82.4,9.17
253,Hanzhong,96,CN,1558159834,76,33.08,107.03,71.01,2.42
254,Mount Gambier,37,AU,1558159836,48,-37.83,140.78,66.2,8.05
255,Santa Rosalia,0,IT,1558159837,39,38.07,13.27,66.2,6.93
256,Tual,100,ID,1558159627,71,-5.67,132.75,85.05,5.46
257,Karratha,0,AU,1558159839,14,-20.74,116.85,89.55,12.12
258,Bouloupari,75,NC,1558159841,57,-21.87,166.05,75.2,14.99
259,Sisimiut,1,GL,1558159842,87,66.94,-53.67,33.39,13.98
260,Shache,100,CN,1558159843,17,38.42,77.24,79.11,11.5
261,North Bend,90,US,1558159844,100,43.41,-124.22,54.0,21.54
262,Caconda,66,AO,1558159846,57,-13.73,15.06,59.85,3.44
263,San Patricio,0,PY,1558159847,87,-26.98,-56.83,63.99,6.82
264,Klaksvik,9,FO,1558159565,81,62.23,-6.59,46.4,4.7
265,Lappeenranta,0,FI,1558159849,42,61.06,28.19,64.0,4.7
266,Baiersbronn,0,DE,1558159850,87,48.51,8.37,59.0,1.12
267,Carutapera,100,BR,1558159852,94,-1.2,-46.02,74.97,2.53
268,Compostela,30,MX,1558159853,99,21.24,-104.9,62.73,1.99
269,Cairns,75,AU,1558159854,83,-16.92,145.77,75.99,20.8
270,Bilibino,95,RU,1558159855,91,68.06,166.44,22.05,4.61
271,Bambous Virieux,40,MU,1558159857,74,-20.34,57.76,80.01,12.75
272,Toledo,40,PH,1558159858,52,10.38,123.64,91.4,9.17
273,Jamestown,100,AU,1558159659,38,-33.21,138.6,76.05,11.92
274,Naze,97,NG,1558159861,92,5.43,7.07,74.61,1.77
275,Garden City,75,US,1558159624,52,40.73,-73.63,66.2,13.87
276,Castellana Grotte,20,IT,1558159864,82,40.89,17.17,62.6,3.36
277,Samagaltay,46,RU,1558159865,31,50.6,95.0,44.73,7.74
278,Brae,98,GB,1558159866,93,60.4,-1.35,48.2,18.34
279,Quatre Cocos,40,MU,1558159867,74,-20.21,57.76,80.01,12.75
280,Xocali,30,AZ,1558159869,65,39.91,46.79,65.79,5.37
281,Prince Rupert,90,CA,1558159870,58,54.32,-130.32,53.6,10.29
282,Esna,75,RO,1558159871,68,45.2,27.57,66.2,8.05
283,Gushikawa,75,JP,1558159872,74,26.35,127.87,86.0,8.05
284,Agropoli,100,IT,1558159874,85,40.35,15.0,64.99,10.58
285,Tambacounda,1,SN,1558159875,31,13.77,-13.67,80.19,5.91
286,Ilulissat,0,GL,1558159876,85,69.22,-51.1,32.0,6.93
287,Nouadhibou,90,MR,1558159877,88,20.93,-17.03,66.2,9.17
288,Aquiraz,75,BR,1558159878,88,-3.9,-38.39,78.8,2.24
289,Tabory,98,PL,1558159880,94,53.89,19.53,60.01,6.22
290,Ziarat,93,PK,1558159881,12,30.38,67.73,67.59,16.6
291,Port Elizabeth,1,US,1558159882,93,39.31,-74.98,69.8,4.7
292,Hurricane,1,US,1558159884,67,37.18,-113.29,53.6,3.36
293,Taltal,0,CL,1558159885,83,-25.41,-70.49,57.87,2.53
294,Chumikan,100,RU,1558159886,91,54.72,135.31,35.01,6.2
295,Maromitsa,36,RU,1558159888,56,59.87,48.01,41.49,12.46
296,Rochegda,39,RU,1558159889,54,62.67,43.41,42.39,12.93
297,Alta Floresta,0,BR,1558159890,89,-9.87,-56.08,69.21,2.55
298,Shihezi,0,CN,1558159891,15,44.3,86.03,64.17,19.1
299,Bouna,78,CI,1558159892,83,9.27,-3.0,76.23,5.26
300,Tartagal,1,AR,1558159894,98,-22.52,-63.8,51.75,1.57
301,Dongsheng,89,CN,1558159895,51,29.72,112.52,88.65,6.26
302,Port Blair,100,IN,1558159701,72,11.67,92.75,85.95,6.85
303,Lorengau,70,PG,1558159897,73,-2.02,147.27,83.97,1.34
304,Peleduy,100,RU,1558159898,90,59.63,112.75,35.73,7.11
305,Tuatapere,100,NZ,1558159900,85,-46.13,167.69,51.01,7.0
306,Mangaratiba,75,BR,1558159817,93,-22.96,-44.04,72.0,3.36
307,Idrinskoye,59,RU,1558159902,29,54.37,92.14,52.47,11.25
308,Wahiawa,20,US,1558159904,74,21.5,-158.02,80.6,8.05
309,Chifeng,100,CN,1558159905,64,42.27,118.96,51.57,7.74
310,Torbay,90,CA,1558159906,80,47.66,-52.73,41.0,10.29
311,Luau,73,CD,1558159907,54,-10.7,22.23,65.25,3.69
312,Riyadh,75,SA,1558159908,28,24.63,46.72,84.2,3.36
313,Nara,75,JP,1558159910,68,34.68,135.8,75.2,8.05
314,Nome,40,US,1558159911,88,30.04,-94.42,77.0,8.05
315,Mo i Rana,0,NO,1558159912,58,66.32,14.15,50.0,4.05
316,Matara,19,PE,1558159913,83,-13.74,-72.9,29.25,1.61
317,Husavik,54,CA,1558159915,60,50.56,-96.99,42.01,5.99
318,Tsogni,55,GA,1558159916,83,-2.79,10.1,78.93,0.51
319,Batsfjord,100,NO,1558159917,74,70.63,29.72,37.17,7.72
320,Pisco,75,PE,1558159918,88,-13.71,-76.2,62.6,5.82
321,Pimentel,100,BR,1558159920,99,-3.7,-45.5,71.37,1.23
322,Grootfontein,0,NA,1558159921,37,-19.56,18.1,53.6,4.7
323,Anori,79,BR,1558159922,98,-3.74,-61.66,72.99,0.6
324,Medea,40,DZ,1558159923,93,36.27,2.77,55.4,5.01
325,Tabuk,93,PH,1558159925,75,17.41,121.44,77.31,4.5
326,Chicama,75,PE,1558159926,88,-7.84,-79.15,66.2,6.93
327,San Jose de Guanipa,66,VE,1558159927,67,8.89,-64.17,77.67,12.37
328,Dolores,100,AR,1558159929,87,-36.31,-57.68,63.81,12.26
329,Najran,40,SA,1558159930,50,17.54,44.22,75.2,4.7
330,Oroville,1,US,1558159646,71,39.51,-121.56,59.0,6.93
331,Xinzhou,100,CN,1558159932,23,38.41,112.73,79.11,14.94
332,Damietta,0,EG,1558159933,64,31.42,31.81,69.8,6.93
333,Vitim,100,RU,1558159935,91,59.44,112.57,36.45,6.29
334,Port Augusta,40,AU,1558159936,56,-32.49,137.76,72.0,5.82
335,Kulhudhuffushi,76,MV,1558159937,74,6.62,73.07,85.95,9.95
336,Tokur,31,RU,1558159938,34,53.13,132.9,57.69,10.76
337,Cidreira,0,BR,1558159940,79,-30.17,-50.22,67.41,14.76
338,Thio,75,NC,1558159941,57,-21.61,166.22,75.2,14.99
339,Calvinia,90,ZA,1558159942,100,-31.47,19.78,42.8,3.36
340,Saint-Joseph,90,FR,1558159944,76,43.56,6.97,59.0,5.21
341,Claremore,40,US,1558159945,73,36.31,-95.62,73.99,11.41
342,Novovarshavka,100,RU,1558159946,59,54.17,74.7,55.71,18.92
343,Potsdam,0,DE,1558159836,76,52.4,13.06,61.0,8.05
344,Sur,0,OM,1558159948,36,22.57,59.53,95.31,11.3
345,Ixtapa,75,MX,1558159950,83,20.71,-105.21,77.0,3.36
346,Tautira,20,PF,1558159951,69,-17.73,-149.15,80.6,2.24
347,Hami,4,CN,1558159953,8,42.84,93.51,58.41,1.5
348,Olinda,75,EC,1558159954,83,-2.03,-79.75,78.8,10.29
349,Arica,90,CL,1558159955,68,-18.48,-70.32,64.4,2.24
350,Medina,0,SA,1558159757,44,24.47,39.61,80.6,6.91
351,Kloulklubed,90,PW,1558159958,94,7.04,134.26,77.0,5.82
352,San Rafael,2,AR,1558159959,44,-34.61,-68.33,55.17,10.45
353,Marzuq,57,YE,1558159961,36,14.4,46.47,81.45,7.02
354,Muyezerskiy,78,RU,1558159962,55,63.93,31.65,54.99,9.28
355,Loa Janan,100,ID,1558159899,56,-0.58,117.09,89.55,4.5
356,Sitka,86,US,1558159965,87,37.17,-99.65,70.0,7.0
357,Natal,40,BR,1558159731,83,-5.81,-35.21,77.0,3.36
358,Mattru,100,SL,1558159967,91,7.62,-11.83,76.41,2.66
359,San Isidro,100,PH,1558159970,45,16.74,121.63,96.21,4.43
360,Severomuysk,98,RU,1558159971,96,56.17,113.57,27.45,7.56
361,Asahikawa,40,JP,1558159973,36,43.76,142.37,78.8,13.87
362,Iztapa,100,GT,1558159974,73,13.93,-90.71,82.53,2.51
363,Geraldton,75,CA,1558159975,60,49.72,-86.95,39.2,4.7
364,Provost,100,CA,1558159976,51,52.35,-110.26,48.15,11.25
365,Bom Jesus,40,BR,1558159978,94,-5.99,-35.58,77.0,4.7
366,Kodinsk,29,RU,1558159979,24,58.6,99.18,54.63,5.5
367,Oussouye,0,SN,1558159980,78,12.49,-16.54,73.35,11.81
368,Fairview,1,US,1558159983,55,40.81,-74.0,66.2,4.7
369,Beloha,35,MG,1558159984,54,-25.17,45.06,78.57,2.39
370,Zherdevka,0,RU,1558159985,60,51.84,41.47,59.13,6.67
371,Santa Fe,100,AR,1558159729,84,-31.62,-60.7,68.0,4.0
372,Bay City,90,US,1558159909,62,43.59,-83.89,57.2,9.17
373,Jinchang,19,CN,1558159989,20,38.52,102.19,54.09,17.25
374,Kudahuvadhoo,72,MV,1558159990,70,2.67,72.89,86.13,11.18
375,Rafai,99,CF,1558159991,71,4.95,23.92,78.39,2.93
376,Mont-Dore,75,NC,1558159993,57,-22.23,166.53,75.2,14.99
377,Hot Springs,1,US,1558159994,60,34.5,-93.06,75.2,8.61
378,Adrar,0,DZ,1558159995,11,27.87,-0.29,78.8,19.46
379,Namibe,92,AO,1558159996,80,-15.19,12.15,71.19,7.83
380,Multan,8,PK,1558159997,31,30.2,71.47,92.97,3.94
381,Nioro,14,GM,1558159999,46,13.79,-15.05,74.61,6.76
382,Naryan-Mar,39,RU,1558160000,94,67.67,53.09,32.49,16.24
383,Maxixe,20,MZ,1558160002,93,-23.86,35.35,60.8,0.87
384,Kibala,40,TD,1558160003,88,9.11,18.35,75.2,9.84
385,Fortuna,0,ES,1558160004,54,38.18,-1.13,63.0,4.7
386,Kaa-Khem,27,RU,1558160005,29,51.7,94.56,46.53,6.89
387,Paratinga,99,BR,1558160007,87,-12.69,-43.18,69.21,1.81
388,Tecoanapa,75,MX,1558160008,83,16.99,-99.26,80.6,2.24
389,Gilgit,7,PK,1558160009,58,35.92,74.31,42.57,4.5
390,Vucje,75,RS,1558160010,87,42.87,21.91,55.99,2.24
391,Tamandare,44,BR,1558160011,84,-8.28,-70.75,66.69,1.45
392,Lagoa,20,PT,1558160013,58,37.14,-8.45,57.2,9.17
393,Hualmay,45,PE,1558160014,91,-11.1,-77.61,64.35,18.25
394,Chegdomyn,53,RU,1558160015,29,51.13,133.04,62.01,14.83
395,Ayutthaya,20,TH,1558160017,50,14.36,100.57,100.99,8.05
396,Martapura,20,ID,1558160018,62,-3.41,114.85,89.6,9.17
397,Matagami,88,NG,1558160019,90,9.67,8.4,71.91,3.69
398,Ahuimanu,20,US,1558160020,74,21.44,-157.84,80.6,8.05
399,Berlevag,90,NO,1558160022,74,70.86,29.09,37.17,6.64
400,Ca Mau,33,VN,1558159841,49,9.18,105.15,94.41,12.93
401,Chacabuco,100,AR,1558160024,96,-34.64,-60.47,64.71,10.42
402,Talaya,0,RU,1558160026,28,55.79,84.89,55.4,22.37
403,Kama,75,JP,1558160027,78,33.54,130.74,72.0,13.87
404,Palmeira das Missoes,0,BR,1558160028,85,-27.9,-53.31,58.05,11.61
405,Williamsport,1,US,1558160030,93,41.25,-77.0,61.0,3.62
406,Siniscola,20,IT,1558160031,93,40.57,9.69,59.0,8.05
407,Yeppoon,75,AU,1558160032,50,-23.13,150.74,77.0,14.99
408,Yashkul,66,RU,1558160033,54,46.17,45.34,72.45,16.44
409,Lexington,1,US,1558159898,64,38.05,-84.5,69.8,5.82
410,South Bend,90,US,1558160036,100,41.68,-86.25,62.01,5.37
411,Verkhnevilyuysk,100,RU,1558160037,36,63.45,120.31,40.77,10.78
412,Rio Grande,0,BR,1558160039,88,-32.03,-52.1,62.37,7.09
413,Saint-Louis,75,CH,1558160040,93,47.59,7.56,55.4,1.12
414,Lokosovo,100,RU,1558160041,88,61.13,74.84,44.55,10.92
415,Candolim,20,IN,1558160043,66,15.52,73.76,87.8,10.29
416,Jaguaribe,100,BR,1558159757,97,-5.88,-38.62,71.19,2.28
417,Palora,100,EC,1558160045,97,-1.7,-77.97,60.57,0.25
418,Buin,75,CL,1558160046,81,-33.73,-70.74,53.6,9.17
419,Kristianstad,90,SE,1558160048,100,56.03,14.16,52.0,7.54
420,Jurm,0,AF,1558159864,32,36.86,70.83,59.67,3.89
421,Chernyy Yar,40,RU,1558160050,65,64.44,40.96,41.0,8.95
422,Asyut,0,EG,1558160052,46,27.18,31.19,69.8,9.17
423,Hillsborough,40,US,1558160053,71,37.57,-122.38,55.4,11.41
424,Kokstad,91,ZA,1558160054,39,-30.55,29.42,55.53,5.23
425,Opuwo,27,NA,1558160055,46,-18.06,13.84,64.53,0.54
426,Tullow,0,IE,1558160056,93,52.8,-6.74,51.01,1.12
427,Matamoros,90,US,1558160058,88,25.87,-97.51,82.4,16.11
428,Manzanillo,89,CU,1558160059,74,20.34,-77.12,81.45,6.13
429,Senanga,90,ZM,1558160060,41,-16.1,23.3,62.55,3.36
430,Kishtwar,98,IN,1558160062,74,33.31,75.77,51.39,2.91
431,Pochutla,100,MX,1558160063,76,15.74,-96.47,82.0,1.54
432,Vozhega,0,RU,1558160065,40,60.47,40.21,49.23,8.1
433,Puerto Ayacucho,100,CO,1558160066,89,5.66,-67.63,75.87,7.02
434,Ostrovnoy,100,RU,1558160067,87,68.05,39.51,35.19,21.12
435,Sonkovo,0,RU,1558160069,54,57.78,37.16,54.81,4.41
436,Eyl,65,SO,1558160070,57,7.98,49.82,86.85,13.62
437,Loukhi,5,RU,1558160071,69,66.08,33.04,40.41,8.79
438,Molteno,8,ZA,1558160072,35,-31.4,26.36,57.69,9.4
439,Jalu,0,LY,1558160074,24,29.03,21.55,76.23,6.04
440,Port Alberni,75,CA,1558160075,58,49.24,-124.81,57.0,4.7
441,Gemlik,75,TR,1558160076,100,40.43,29.16,66.2,6.93
442,Pangnirtung,9,CA,1558160078,85,66.15,-65.72,27.99,2.44
443,Ucluelet,100,CA,1558160079,97,48.94,-125.55,51.01,20.15
444,Kupang,7,ID,1558160080,66,-10.16,123.6,86.85,11.16
445,Paragominas,100,BR,1558160081,98,-3.0,-47.35,71.55,1.79
446,Kalmunai,90,LK,1558160082,53,7.42,81.82,92.61,4.07
447,Phatthalung,94,TH,1558160084,59,7.62,100.08,89.55,8.12
448,Alofi,51,NU,1558160085,73,-19.06,-169.92,77.0,13.87
449,Lata,65,IN,1558160086,65,30.78,78.62,39.33,7.27
450,Kruisfontein,0,ZA,1558160087,80,-34.0,24.73,58.59,6.93
451,La Ronge,5,CA,1558160089,48,55.1,-105.3,42.8,11.41
452,Kaeo,13,NZ,1558160090,99,-35.1,173.78,59.0,6.73
453,Saint Anthony,90,US,1558160091,80,43.97,-111.68,42.8,9.17
454,Annau,20,TM,1558160093,44,37.89,58.52,77.0,9.17
455,Mariinsk,100,RU,1558160094,37,56.21,87.75,54.63,12.55
456,Cap-aux-Meules,0,CA,1558159816,89,47.38,-61.86,36.81,8.3
457,Dinghai,20,CN,1558160096,70,26.28,119.79,86.0,11.18
458,Saint-Leu,0,RE,1558160097,65,-21.15,55.28,80.6,4.7
459,Laukaa,0,FI,1558160099,44,62.42,25.95,60.8,4.7
460,Atbasar,100,KZ,1558160100,82,51.81,68.36,51.39,10.16
461,Comodoro Rivadavia,0,AR,1558160102,43,-45.87,-67.48,50.0,31.09
462,Liptovsky Hradok,20,SK,1558159870,87,49.04,19.72,53.6,4.7
463,San Jose,94,PH,1558160105,43,15.79,120.99,97.65,13.65
464,Jos,100,NG,1558160106,84,9.92,8.9,72.45,7.09
465,Werda,90,DE,1558160108,87,50.44,12.3,48.99,4.7
466,Razole,1,IN,1558160109,44,16.48,81.84,99.63,9.46
467,Tezu,15,IN,1558160110,42,27.93,96.16,90.27,3.65
468,Yurginskoye,16,RU,1558160111,32,56.82,67.39,51.39,6.96
469,Gamba,0,CN,1558160113,17,28.28,88.52,47.79,13.56
470,Maragheh,0,IR,1558160114,43,37.39,46.24,71.6,11.41
471,Orebro,83,SE,1558160066,63,59.27,15.21,61.0,8.84
472,Waiuku,36,NZ,1558160116,77,-37.25,174.73,60.01,10.29
473,Slave Lake,20,CA,1558160117,32,55.28,-114.77,53.6,12.75
474,Mayskiy,33,RU,1558160118,68,43.63,44.06,69.8,2.24
475,Tirumullaivasal,98,IN,1558160120,30,11.24,79.84,101.79,5.5
476,Hirado,75,JP,1558160121,94,33.32,129.49,75.0,18.34
477,Veraval,94,FR,1558160122,100,49.65,0.71,53.01,4.7
478,Yeghegnavan,40,AM,1558159866,38,39.84,44.63,77.0,5.82
479,Bandarbeyla,73,SO,1558160125,58,9.49,50.81,87.03,14.12
480,Northam,20,GB,1558160126,100,51.04,-4.21,51.01,2.24
481,Gdov,36,RU,1558160127,75,58.74,27.82,45.81,2.77
482,Choix,0,MX,1558160128,69,26.71,-108.33,64.17,2.15
483,Wakkanai,75,JP,1558160130,36,45.41,141.67,75.2,26.4
484,Byron Bay,75,AU,1558160003,60,-28.65,153.62,73.4,14.99
485,Yumen,38,CN,1558160132,17,40.29,97.04,63.27,31.34
486,Alexandria,1,US,1558160133,88,31.31,-92.44,71.6,5.82
487,Sterling,20,US,1558160076,93,39.0,-77.4,71.01,3.36
488,Bartoszyce,95,PL,1558160136,90,54.25,20.81,62.73,5.75
489,Amga,69,RU,1558160137,41,60.89,131.98,60.39,9.33
490,Ingham,97,AU,1558160138,93,-18.65,146.16,69.39,6.33
491,Kimbe,82,PG,1558160140,86,-5.56,150.15,81.81,3.0
492,Griffith,0,AU,1558160141,52,-34.29,146.06,73.4,5.82
493,La Paz,5,MX,1558160142,52,24.15,-110.32,69.8,11.41
494,The Pas,1,CA,1558160092,64,53.82,-101.24,39.2,4.7
495,Esperance,20,TT,1558160145,88,10.24,-61.45,77.0,4.7
496,Tikhvin,0,RU,1558160146,48,59.64,33.53,64.0,1.99
497,Maniitsoq,40,GL,1558160147,86,65.42,-52.9,34.29,9.42
498,Sao Jose da Coroa Grande,31,BR,1558160149,93,-8.9,-35.15,70.29,4.09
499,Abashiri,20,JP,1558160150,36,44.01,144.25,78.8,19.46
500,Erzin,0,TR,1558160151,50,36.95,36.2,77.0,9.17
501,Khasan,37,RU,1558160152,56,42.43,130.64,70.11,11.92
502,Bozoum,96,CF,1558160153,90,6.31,16.38,69.21,6.35
503,Petropavlovsk-Kamchatskiy,6,RU,1558160155,43,53.05,158.65,64.4,13.42
504,Kabanjahe,40,ID,1558160045,66,3.1,98.49,90.0,9.17
505,Quime,1,BO,1558160157,33,-16.98,-67.22,34.29,5.44
506,Pingliang,97,CN,1558160158,24,35.54,106.68,59.0,6.31
507,Bartica,20,GY,1558160159,94,6.41,-58.62,75.2,4.7
508,Leningradskiy,16,RU,1558160161,86,69.38,178.42,27.45,9.22
509,Shaowu,2,CN,1558159950,70,27.34,117.49,86.31,2.62
510,Amarpur,75,IN,1558160163,75,23.52,91.65,89.6,3.36
511,Cap Malheureux,40,MU,1558160165,74,-19.98,57.61,80.01,12.75
512,Lompoc,1,US,1558160166,81,34.64,-120.46,57.0,6.93
513,Nemuro,40,JP,1558160167,56,43.32,145.57,69.8,20.8
514,Ahipara,39,NZ,1558160168,99,-35.17,173.16,59.0,11.81
515,Calabozo,91,VE,1558160170,59,8.92,-67.43,81.45,8.59
516,Toora-Khem,1,RU,1558160171,18,52.47,96.11,54.45,3.31
517,Yulara,75,AU,1558160173,42,-25.24,130.99,84.2,12.75
518,Palembang,40,ID,1558160174,55,-2.99,104.76,89.6,2.24
519,Banda Aceh,86,ID,1558160175,72,5.56,95.32,84.15,8.12
520,Yuncheng,94,CN,1558160176,41,35.03,111.0,86.85,14.03
521,Dudinka,0,RU,1558160178,64,69.41,86.18,35.6,4.47
522,Polyarnyy,75,RU,1558160179,60,69.2,33.45,41.0,8.95
523,Helsinki,0,FI,1558160170,48,60.17,24.94,68.0,2.24
524,Camargo,0,MX,1558160182,17,27.69,-105.17,70.47,13.35
525,Loiza,20,PR,1558160183,78,18.43,-65.88,80.6,8.05
526,Honningsvag,96,NO,1558160185,85,70.98,25.97,37.35,5.97
527,Shelopugino,98,RU,1558159925,75,51.65,117.56,47.97,10.27
528,Kibakwe,53,TZ,1558160187,68,-6.71,36.37,72.27,4.74
529,Kagoro,88,NG,1558160188,90,9.6,8.38,71.91,3.69
530,Green River,1,US,1558160189,74,41.53,-109.47,35.6,19.46
531,Port Keats,26,AU,1558160191,60,-14.25,129.55,87.93,10.49
532,Berezovyy,58,RU,1558160192,28,51.67,135.7,63.81,12.5
533,Aloleng,80,PH,1558160193,69,16.13,119.78,87.57,8.48
534,Kostino,9,BG,1558160194,67,41.7,25.3,69.01,2.24
535,Ntchisi,20,MW,1558160195,93,-13.36,33.92,59.0,4.7
536,Tarko-Sale,100,RU,1558160197,100,64.92,77.78,34.83,21.3
537,Orje,100,NO,1558160198,76,59.48,11.66,52.0,9.17
538,Wajima,75,JP,1558160199,49,37.4,136.9,71.6,5.82
539,Jumla,11,NP,1558160200,21,29.28,82.18,69.21,4.61
540,Nuuk,33,GL,1558160202,100,64.17,-51.74,30.2,3.36
541,Vila,90,IT,1558159995,93,45.18,8.4,54.0,8.05
542,Xinzhi,75,TW,1558160204,74,22.54,120.62,87.8,13.87
543,Blagoyevo,100,RU,1558160205,63,63.37,47.92,39.69,14.03
544,Pampa,1,US,1558160207,77,35.54,-100.96,73.4,16.11
545,Inuvik,40,CA,1558160208,56,68.36,-133.71,44.6,13.87
546,Buala,90,SB,1558160209,76,-8.15,159.59,83.43,9.78
547,Clive,40,US,1558160210,100,41.61,-93.78,68.0,12.75
548,Rocha,93,UY,1558160212,93,-34.48,-54.34,57.51,7.65
549,Tazovskiy,33,RU,1558160213,97,67.47,78.7,33.39,19.66
550,Melo,50,UY,1558160214,94,-32.37,-54.17,56.07,7.09
